station_id,nombre,mecanicas,electricas,capacidad,timestamp
2,001 Fuente Dorada,4,0,27,2026-10-07 00:00:28
3,002 Plaza Madrid,2,0,25,2026-10-07 00:00:28
4,003 Estación de Tren,0,0,27,2026-10-07 00:00:28
5,004 Plaza Circular,20,0,27,2026-10-07 00:00:28
6,005 Plaza Trinidad,7,0,27,2026-10-07 00:00:28
7,006 Plaza Santa Cruz,4,2,15,2026-10-07 00:00:28
8,007 Plaza Poniente,15,0,47,2026-10-07 00:00:28
9,008 Paseo Filipinos,4,0,27,2026-10-07 00:00:28
10,009 Plaza Zorrilla,7,0,27,2026-10-07 00:00:28
11,010 Cadenas de San Gregorio,10,0,15,2026-10-07 00:00:28
12,011 Facultad Medicina,1,2,23,2026-10-07 00:00:28
13,012 Teatro Cervantes,5,10,27,2026-10-07 00:00:28
14,013 CASA DEL ESTUDIANTE- CLÍNICO,4,0,23,2026-10-07 00:00:28
15,014 Plaza de San Miguel,5,0,19,2026-10-07 00:00:28
16,015 Plaza de la Libertad,6,0,27,2026-10-07 00:00:28
17,016 Plaza Caño Argales,13,0,27,2026-10-07 00:00:28
18,017 PLAZA DE SAN JUAN,4,6,23,2026-10-07 00:00:28
19,018 Duque de la Victoria,3,0,19,2026-10-07 00:00:28
20,019 Angustias,4,1,15,2026-10-07 00:00:28
21,020 MARÍA DE MOLINA,7,0,23,2026-10-07 00:00:28
22,101 Fuente El Sol,8,2,15,2026-10-07 00:00:28
23,102 Calle del Abedul,7,2,15,2026-10-07 00:00:28
24,103 Calle Jupiter,3,1,15,2026-10-07 00:00:28
25,201 CENTRO CÍVICO ESGUEVA,12,5,22,2026-10-07 00:00:28
26,202 Campus Miguel Delibes,4,0,23,2026-10-07 00:00:28
27,203 Plaza Ribera de Castilla,4,1,19,2026-10-07 00:00:28
28,204 COLEGIO ENTRE RÍOS,6,2,23,2026-10-07 00:00:28
29,205 HOSPITAL RONDILLA,2,3,19,2026-10-07 00:00:28
30,206 Calle del Portillo de Balboa #1,6,1,19,2026-10-07 00:00:28
31,207 Av. Santander 16,2,1,11,2026-10-07 00:00:28
32,208 Facultad Ciencias Económicas,1,2,19,2026-10-07 00:00:28
33,209 Paseo del Cauce,3,12,18,2026-10-07 00:00:28
34,210 Plaza de los Vadillos,4,2,26,2026-10-07 00:00:28
35,301 Centro Cívico Zona Este,8,3,15,2026-10-07 00:00:28
36,302 Plaza Mayo,1,3,11,2026-10-07 00:00:28
37,303 Calle de la Golondrina,0,3,19,2026-10-07 00:00:28
38,304 Calle de la Cigüeña,2,4,11,2026-10-07 00:00:28
39,305 Calle del Cometa,8,1,23,2026-10-07 00:00:28
40,306 Centro Cívico Pilarica,1,6,11,2026-10-07 00:00:28
41,401 Avenida Segovia,14,4,27,2026-10-07 00:00:28
42,402 Calle Arca Real,0,4,19,2026-10-07 00:00:28
43,403 Paseo Arco de Ladrillo,4,4,19,2026-10-07 00:00:28
44,404 Calle de Andalucía,4,1,19,2026-10-07 00:00:28
45,405 Plaza Gutiérrez Semprún,2,4,19,2026-10-07 00:00:28
46,406 Paseo de Juan Carlos I,16,6,23,2026-10-07 00:00:28
47,407 Calle General Shelly,10,9,23,2026-10-07 00:00:28
48,408 Calle de Embajadores,3,6,19,2026-10-07 00:00:28
49,501 Ctra. Segovia - UEMC,1,0,23,2026-10-07 00:00:28
50,502 Calle de Peñalara,2,3,11,2026-10-07 00:00:28
51,503 Calle de Daniel del Olmo González,3,1,11,2026-10-07 00:00:28
52,504 Calle Bronce,3,0,11,2026-10-07 00:00:28
53,505 Calle Plata,4,4,11,2026-10-07 00:00:28
54,506 Calle del Aluminio,2,2,11,2026-10-07 00:00:28
55,507 Calle Cromo,2,1,11,2026-10-07 00:00:28
56,508 Calle Cobalto,1,0,10,2026-10-07 00:00:28
57,"601 Paseo Zorrilla, 328",0,0,23,2026-10-07 00:00:28
58,602 Casa de la India,4,4,23,2026-10-07 00:00:28
59,"603 Paseo Zorrilla, 132",10,0,19,2026-10-07 00:00:28
60,604 Espacio Joven Sur Valladolid,8,4,19,2026-10-07 00:00:28
61,605 Polideportivo Ponce de León,5,2,23,2026-10-07 00:00:28
62,606 Calle Vives,4,0,15,2026-10-07 00:00:28
63,607 Calle Joaquín María Jalón,3,3,19,2026-10-07 00:00:28
64,608 Calle Doctor Moreno,4,9,19,2026-10-07 00:00:28
65,609 Plaza de Toros ,11,2,22,2026-10-07 00:00:28
66,701 CDO Covaresa,6,4,21,2026-10-07 00:00:28
67,702 Calle Atenas,1,0,15,2026-10-07 00:00:28
68,703 Calle José Velicia,7,4,15,2026-10-07 00:00:28
69,704 Calle de la Alcaparra,4,5,15,2026-10-07 00:00:28
70,705 Calle Ignacio Serrano,4,2,19,2026-10-07 00:00:28
71,706 Calle Antonio Machado,4,5,19,2026-10-07 00:00:28
72,707 Agencia de Innovación,2,3,19,2026-10-07 00:00:28
73,708 Calle de Villafrades de Campos,7,3,19,2026-10-07 00:00:28
74,709 Calle Ribera del Carrión,8,3,15,2026-10-07 00:00:28
75,710 Calle Santiago Alba,2,3,15,2026-10-07 00:00:28
76,801 Centro Cívico Casa Cuna,9,3,23,2026-10-07 00:00:28
77,802 Plaza Marcos Fernandez,4,5,22,2026-10-07 00:00:28
78,803 Calle Prof. Adolfo Miaja de la Muela,3,3,19,2026-10-07 00:00:28
79,804 Calle José Garrote Tebar,3,1,19,2026-10-07 00:00:28
80,805 Calle Federico Landrove Moiño,0,0,15,2026-10-07 00:00:28
81,806 Calle Manuel Azaña ,2,8,19,2026-10-07 00:00:28
82,807 Calle de Hernando de Acuña,1,7,19,2026-10-07 00:00:28
83,808 Calle de Manuel Silvela,3,0,18,2026-10-07 00:00:28
84,809 Calle de Mariano de los Cobos,2,2,19,2026-10-07 00:00:28
85,810 Piscina Municipal Parquesol,2,1,19,2026-10-07 00:00:28
86,901 Plaza del Milenio,5,4,19,2026-10-07 00:00:28
87,902 Feria de Valladolid,6,5,19,2026-10-07 00:00:28
88,903 Plaza Juan Pablo II,10,4,19,2026-10-07 00:00:28
89,904 Complejo Deportivo Los Cerros,9,2,21,2026-10-07 00:00:28
90,905 Centro Municipal José Luis Mosquera,3,1,19,2026-10-07 00:00:28
91,906 Calle Arado,3,7,19,2026-10-07 00:00:28
92,907 Calle de Rigoberto Cortejoso,4,2,19,2026-10-07 00:00:28
93,"908 Calle Joaquín Velasco Martín, 17",7,4,19,2026-10-07 00:00:28
94,909 Calle Monasterio de Sto Domingo de Silos,8,1,19,2026-10-07 00:00:28
95,910 Calle de las Mieses,3,1,15,2026-10-07 00:00:28
96,"911 Calle Joaquín Velasco Martín, 1",2,5,19,2026-10-07 00:00:28
97,1001 La Overuela,1,2,11,2026-10-07 00:00:28
98,1002 Puente Duero,1,2,10,2026-10-07 00:00:28
105,104 Michelín,3,3,11,2026-10-07 00:00:28
106,1005 Santovenia Centro Civico,2,6,11,2026-10-07 00:00:28
107,1006 Santovenia Calle Fuentona,1,1,11,2026-10-07 00:00:28
109,1004 La Cistérniga Cañada Real,2,3,11,2026-10-07 00:00:28
110,1003 La Cistérniga San Cristóbal,1,2,11,2026-10-07 00:00:28
111,510 Hospital Río Hortega,6,1,27,2026-10-07 00:00:28
112,509 Barrio Arcas Reales,1,6,11,2026-10-07 00:00:28
2,001 Fuente Dorada,4,0,27,2026-10-07 00:00:58
3,002 Plaza Madrid,2,0,25,2026-10-07 00:00:58
4,003 Estación de Tren,0,0,27,2026-10-07 00:00:58
5,004 Plaza Circular,20,0,27,2026-10-07 00:00:58
6,005 Plaza Trinidad,7,1,27,2026-10-07 00:00:58
7,006 Plaza Santa Cruz,4,2,15,2026-10-07 00:00:58
8,007 Plaza Poniente,15,0,47,2026-10-07 00:00:58
9,008 Paseo Filipinos,4,0,27,2026-10-07 00:00:58
10,009 Plaza Zorrilla,7,0,27,2026-10-07 00:00:58
11,010 Cadenas de San Gregorio,10,0,15,2026-10-07 00:00:58
12,011 Facultad Medicina,1,2,23,2026-10-07 00:00:58
13,012 Teatro Cervantes,5,10,27,2026-10-07 00:00:58
14,013 CASA DEL ESTUDIANTE- CLÍNICO,4,0,23,2026-10-07 00:00:58
15,014 Plaza de San Miguel,5,0,19,2026-10-07 00:00:58
16,015 Plaza de la Libertad,6,0,27,2026-10-07 00:00:58
17,016 Plaza Caño Argales,13,0,27,2026-10-07 00:00:58
18,017 PLAZA DE SAN JUAN,4,6,23,2026-10-07 00:00:58
19,018 Duque de la Victoria,3,0,19,2026-10-07 00:00:58
20,019 Angustias,4,1,15,2026-10-07 00:00:58
21,020 MARÍA DE MOLINA,7,0,23,2026-10-07 00:00:58
22,101 Fuente El Sol,8,2,15,2026-10-07 00:00:58
23,102 Calle del Abedul,7,2,15,2026-10-07 00:00:58
24,103 Calle Jupiter,3,1,15,2026-10-07 00:00:58
25,201 CENTRO CÍVICO ESGUEVA,12,5,22,2026-10-07 00:00:58
26,202 Campus Miguel Delibes,4,0,23,2026-10-07 00:00:58
27,203 Plaza Ribera de Castilla,4,1,19,2026-10-07 00:00:58
28,204 COLEGIO ENTRE RÍOS,6,2,23,2026-10-07 00:00:58
29,205 HOSPITAL RONDILLA,2,3,19,2026-10-07 00:00:58
30,206 Calle del Portillo de Balboa #1,6,1,19,2026-10-07 00:00:58
31,207 Av. Santander 16,2,1,11,2026-10-07 00:00:58
32,208 Facultad Ciencias Económicas,1,2,19,2026-10-07 00:00:58
33,209 Paseo del Cauce,3,12,18,2026-10-07 00:00:58
34,210 Plaza de los Vadillos,4,2,26,2026-10-07 00:00:58
35,301 Centro Cívico Zona Este,8,3,15,2026-10-07 00:00:58
36,302 Plaza Mayo,1,3,11,2026-10-07 00:00:58
37,303 Calle de la Golondrina,0,3,19,2026-10-07 00:00:58
38,304 Calle de la Cigüeña,2,4,11,2026-10-07 00:00:58
39,305 Calle del Cometa,8,1,23,2026-10-07 00:00:58
40,306 Centro Cívico Pilarica,1,6,11,2026-10-07 00:00:58
41,401 Avenida Segovia,14,5,27,2026-10-07 00:00:58
42,402 Calle Arca Real,0,4,19,2026-10-07 00:00:58
43,403 Paseo Arco de Ladrillo,4,4,19,2026-10-07 00:00:58
44,404 Calle de Andalucía,4,1,19,2026-10-07 00:00:58
45,405 Plaza Gutiérrez Semprún,2,4,19,2026-10-07 00:00:58
46,406 Paseo de Juan Carlos I,16,6,23,2026-10-07 00:00:58
47,407 Calle General Shelly,10,9,23,2026-10-07 00:00:58
48,408 Calle de Embajadores,3,6,19,2026-10-07 00:00:58
49,501 Ctra. Segovia - UEMC,1,0,23,2026-10-07 00:00:58
50,502 Calle de Peñalara,2,3,11,2026-10-07 00:00:58
51,503 Calle de Daniel del Olmo González,3,1,11,2026-10-07 00:00:58
52,504 Calle Bronce,3,0,11,2026-10-07 00:00:58
53,505 Calle Plata,4,4,11,2026-10-07 00:00:58
54,506 Calle del Aluminio,2,2,11,2026-10-07 00:00:58
55,507 Calle Cromo,2,1,11,2026-10-07 00:00:58
56,508 Calle Cobalto,1,0,10,2026-10-07 00:00:58
57,"601 Paseo Zorrilla, 328",0,0,23,2026-10-07 00:00:58
58,602 Casa de la India,4,4,23,2026-10-07 00:00:58
59,"603 Paseo Zorrilla, 132",10,0,19,2026-10-07 00:00:58
60,604 Espacio Joven Sur Valladolid,8,4,19,2026-10-07 00:00:58
61,605 Polideportivo Ponce de León,5,2,23,2026-10-07 00:00:58
62,606 Calle Vives,4,0,15,2026-10-07 00:00:58
63,607 Calle Joaquín María Jalón,3,3,19,2026-10-07 00:00:58
64,608 Calle Doctor Moreno,4,9,19,2026-10-07 00:00:58
65,609 Plaza de Toros ,11,2,22,2026-10-07 00:00:58
66,701 CDO Covaresa,6,4,21,2026-10-07 00:00:58
67,702 Calle Atenas,1,0,15,2026-10-07 00:00:58
68,703 Calle José Velicia,7,4,15,2026-10-07 00:00:58
69,704 Calle de la Alcaparra,4,5,15,2026-10-07 00:00:58
70,705 Calle Ignacio Serrano,4,2,19,2026-10-07 00:00:58
71,706 Calle Antonio Machado,4,5,19,2026-10-07 00:00:58
72,707 Agencia de Innovación,2,3,19,2026-10-07 00:00:58
73,708 Calle de Villafrades de Campos,7,3,19,2026-10-07 00:00:58
74,709 Calle Ribera del Carrión,8,3,15,2026-10-07 00:00:58
75,710 Calle Santiago Alba,2,3,15,2026-10-07 00:00:58
76,801 Centro Cívico Casa Cuna,9,3,23,2026-10-07 00:00:58
77,802 Plaza Marcos Fernandez,4,5,22,2026-10-07 00:00:58
78,803 Calle Prof. Adolfo Miaja de la Muela,3,3,19,2026-10-07 00:00:58
79,804 Calle José Garrote Tebar,3,1,19,2026-10-07 00:00:58
80,805 Calle Federico Landrove Moiño,0,0,15,2026-10-07 00:00:58
81,806 Calle Manuel Azaña ,2,8,19,2026-10-07 00:00:58
82,807 Calle de Hernando de Acuña,1,7,19,2026-10-07 00:00:58
83,808 Calle de Manuel Silvela,3,0,18,2026-10-07 00:00:58
84,809 Calle de Mariano de los Cobos,2,2,19,2026-10-07 00:00:58
85,810 Piscina Municipal Parquesol,2,1,19,2026-10-07 00:00:58
86,901 Plaza del Milenio,5,4,19,2026-10-07 00:00:58
87,902 Feria de Valladolid,6,5,19,2026-10-07 00:00:58
88,903 Plaza Juan Pablo II,10,4,19,2026-10-07 00:00:58
89,904 Complejo Deportivo Los Cerros,9,2,21,2026-10-07 00:00:58
90,905 Centro Municipal José Luis Mosquera,3,1,19,2026-10-07 00:00:58
91,906 Calle Arado,3,7,19,2026-10-07 00:00:58
92,907 Calle de Rigoberto Cortejoso,4,2,19,2026-10-07 00:00:58
93,"908 Calle Joaquín Velasco Martín, 17",7,4,19,2026-10-07 00:00:58
94,909 Calle Monasterio de Sto Domingo de Silos,8,1,19,2026-10-07 00:00:58
95,910 Calle de las Mieses,3,1,15,2026-10-07 00:00:58
96,"911 Calle Joaquín Velasco Martín, 1",2,5,19,2026-10-07 00:00:58
97,1001 La Overuela,1,2,11,2026-10-07 00:00:58
98,1002 Puente Duero,1,2,10,2026-10-07 00:00:58
105,104 Michelín,3,3,11,2026-10-07 00:00:58
106,1005 Santovenia Centro Civico,2,6,11,2026-10-07 00:00:58
107,1006 Santovenia Calle Fuentona,1,1,11,2026-10-07 00:00:58
109,1004 La Cistérniga Cañada Real,2,3,11,2026-10-07 00:00:58
110,1003 La Cistérniga San Cristóbal,1,2,11,2026-10-07 00:00:58
111,510 Hospital Río Hortega,6,1,27,2026-10-07 00:00:58
112,509 Barrio Arcas Reales,1,6,11,2026-10-07 00:00:58
2,001 Fuente Dorada,4,0,27,2026-10-07 00:01:58
3,002 Plaza Madrid,2,0,25,2026-10-07 00:01:58
4,003 Estación de Tren,0,0,27,2026-10-07 00:01:58
5,004 Plaza Circular,20,0,27,2026-10-07 00:01:58
6,005 Plaza Trinidad,7,1,27,2026-10-07 00:01:58
7,006 Plaza Santa Cruz,4,2,15,2026-10-07 00:01:58
8,007 Plaza Poniente,15,2,47,2026-10-07 00:01:58
9,008 Paseo Filipinos,4,0,27,2026-10-07 00:01:58
10,009 Plaza Zorrilla,7,0,27,2026-10-07 00:01:58
11,010 Cadenas de San Gregorio,10,0,15,2026-10-07 00:01:58
12,011 Facultad Medicina,1,2,23,2026-10-07 00:01:58
13,012 Teatro Cervantes,5,10,27,2026-10-07 00:01:58
14,013 CASA DEL ESTUDIANTE- CLÍNICO,4,0,23,2026-10-07 00:01:58
15,014 Plaza de San Miguel,5,0,19,2026-10-07 00:01:58
16,015 Plaza de la Libertad,6,0,27,2026-10-07 00:01:58
17,016 Plaza Caño Argales,13,0,27,2026-10-07 00:01:58
18,017 PLAZA DE SAN JUAN,4,6,23,2026-10-07 00:01:58
19,018 Duque de la Victoria,3,0,19,2026-10-07 00:01:58
20,019 Angustias,4,1,15,2026-10-07 00:01:58
21,020 MARÍA DE MOLINA,7,0,23,2026-10-07 00:01:58
22,101 Fuente El Sol,8,2,15,2026-10-07 00:01:58
23,102 Calle del Abedul,7,2,15,2026-10-07 00:01:58
24,103 Calle Jupiter,3,1,15,2026-10-07 00:01:58
25,201 CENTRO CÍVICO ESGUEVA,12,5,22,2026-10-07 00:01:58
26,202 Campus Miguel Delibes,4,0,23,2026-10-07 00:01:58
27,203 Plaza Ribera de Castilla,4,1,19,2026-10-07 00:01:58
28,204 COLEGIO ENTRE RÍOS,6,2,23,2026-10-07 00:01:58
29,205 HOSPITAL RONDILLA,2,3,19,2026-10-07 00:01:58
30,206 Calle del Portillo de Balboa #1,6,1,19,2026-10-07 00:01:58
31,207 Av. Santander 16,2,1,11,2026-10-07 00:01:58
32,208 Facultad Ciencias Económicas,1,2,19,2026-10-07 00:01:58
33,209 Paseo del Cauce,3,12,18,2026-10-07 00:01:58
34,210 Plaza de los Vadillos,4,2,26,2026-10-07 00:01:58
35,301 Centro Cívico Zona Este,8,3,15,2026-10-07 00:01:58
36,302 Plaza Mayo,1,3,11,2026-10-07 00:01:58
37,303 Calle de la Golondrina,0,3,19,2026-10-07 00:01:58
38,304 Calle de la Cigüeña,2,4,11,2026-10-07 00:01:58
39,305 Calle del Cometa,8,1,23,2026-10-07 00:01:58
40,306 Centro Cívico Pilarica,1,6,11,2026-10-07 00:01:58
41,401 Avenida Segovia,14,5,27,2026-10-07 00:01:58
42,402 Calle Arca Real,0,4,19,2026-10-07 00:01:58
43,403 Paseo Arco de Ladrillo,4,4,19,2026-10-07 00:01:58
44,404 Calle de Andalucía,4,1,19,2026-10-07 00:01:58
45,405 Plaza Gutiérrez Semprún,2,4,19,2026-10-07 00:01:58
46,406 Paseo de Juan Carlos I,16,6,23,2026-10-07 00:01:58
47,407 Calle General Shelly,10,9,23,2026-10-07 00:01:58
48,408 Calle de Embajadores,3,6,19,2026-10-07 00:01:58
49,501 Ctra. Segovia - UEMC,1,0,23,2026-10-07 00:01:58
50,502 Calle de Peñalara,2,3,11,2026-10-07 00:01:58
51,503 Calle de Daniel del Olmo González,3,1,11,2026-10-07 00:01:58
52,504 Calle Bronce,3,0,11,2026-10-07 00:01:58
53,505 Calle Plata,4,4,11,2026-10-07 00:01:58
54,506 Calle del Aluminio,2,2,11,2026-10-07 00:01:58
55,507 Calle Cromo,2,1,11,2026-10-07 00:01:58
56,508 Calle Cobalto,1,0,10,2026-10-07 00:01:58
57,"601 Paseo Zorrilla, 328",0,0,23,2026-10-07 00:01:58
58,602 Casa de la India,4,4,23,2026-10-07 00:01:58
59,"603 Paseo Zorrilla, 132",10,0,19,2026-10-07 00:01:58
60,604 Espacio Joven Sur Valladolid,8,4,19,2026-10-07 00:01:58
61,605 Polideportivo Ponce de León,5,2,23,2026-10-07 00:01:58
62,606 Calle Vives,4,1,15,2026-10-07 00:01:58
63,607 Calle Joaquín María Jalón,3,3,19,2026-10-07 00:01:58
64,608 Calle Doctor Moreno,4,9,19,2026-10-07 00:01:58
65,609 Plaza de Toros ,11,2,22,2026-10-07 00:01:58
66,701 CDO Covaresa,6,4,21,2026-10-07 00:01:58
67,702 Calle Atenas,1,0,15,2026-10-07 00:01:58
68,703 Calle José Velicia,7,4,15,2026-10-07 00:01:58
69,704 Calle de la Alcaparra,4,5,15,2026-10-07 00:01:58
70,705 Calle Ignacio Serrano,4,2,19,2026-10-07 00:01:58
71,706 Calle Antonio Machado,4,5,19,2026-10-07 00:01:58
72,707 Agencia de Innovación,2,3,19,2026-10-07 00:01:58
73,708 Calle de Villafrades de Campos,7,3,19,2026-10-07 00:01:58
74,709 Calle Ribera del Carrión,8,3,15,2026-10-07 00:01:58
75,710 Calle Santiago Alba,2,3,15,2026-10-07 00:01:58
76,801 Centro Cívico Casa Cuna,9,3,23,2026-10-07 00:01:58
77,802 Plaza Marcos Fernandez,4,5,22,2026-10-07 00:01:58
78,803 Calle Prof. Adolfo Miaja de la Muela,3,3,19,2026-10-07 00:01:58
79,804 Calle José Garrote Tebar,3,1,19,2026-10-07 00:01:58
80,805 Calle Federico Landrove Moiño,0,0,15,2026-10-07 00:01:58
81,806 Calle Manuel Azaña ,2,8,19,2026-10-07 00:01:58
82,807 Calle de Hernando de Acuña,1,7,19,2026-10-07 00:01:58
83,808 Calle de Manuel Silvela,3,0,18,2026-10-07 00:01:58
84,809 Calle de Mariano de los Cobos,2,2,19,2026-10-07 00:01:58
85,810 Piscina Municipal Parquesol,2,1,19,2026-10-07 00:01:58
86,901 Plaza del Milenio,5,4,19,2026-10-07 00:01:58
87,902 Feria de Valladolid,6,5,19,2026-10-07 00:01:58
88,903 Plaza Juan Pablo II,10,4,19,2026-10-07 00:01:58
89,904 Complejo Deportivo Los Cerros,9,2,21,2026-10-07 00:01:58
90,905 Centro Municipal José Luis Mosquera,3,1,19,2026-10-07 00:01:58
91,906 Calle Arado,3,7,19,2026-10-07 00:01:58
92,907 Calle de Rigoberto Cortejoso,4,2,19,2026-10-07 00:01:58
93,"908 Calle Joaquín Velasco Martín, 17",7,4,19,2026-10-07 00:01:58
94,909 Calle Monasterio de Sto Domingo de Silos,8,1,19,2026-10-07 00:01:58
95,910 Calle de las Mieses,3,1,15,2026-10-07 00:01:58
96,"911 Calle Joaquín Velasco Martín, 1",2,5,19,2026-10-07 00:01:58
97,1001 La Overuela,1,2,11,2026-10-07 00:01:58
98,1002 Puente Duero,1,2,10,2026-10-07 00:01:58
105,104 Michelín,3,3,11,2026-10-07 00:01:58
106,1005 Santovenia Centro Civico,2,6,11,2026-10-07 00:01:58
107,1006 Santovenia Calle Fuentona,1,1,11,2026-10-07 00:01:58
109,1004 La Cistérniga Cañada Real,2,3,11,2026-10-07 00:01:58
110,1003 La Cistérniga San Cristóbal,1,2,11,2026-10-07 00:01:58
111,510 Hospital Río Hortega,6,1,27,2026-10-07 00:01:58
112,509 Barrio Arcas Reales,1,6,11,2026-10-07 00:01:58
2,001 Fuente Dorada,4,0,27,2026-10-07 00:02:28
3,002 Plaza Madrid,2,0,25,2026-10-07 00:02:28
4,003 Estación de Tren,0,0,27,2026-10-07 00:02:28
5,004 Plaza Circular,20,0,27,2026-10-07 00:02:28
6,005 Plaza Trinidad,7,1,27,2026-10-07 00:02:28
7,006 Plaza Santa Cruz,4,2,15,2026-10-07 00:02:28
8,007 Plaza Poniente,15,3,47,2026-10-07 00:02:28
9,008 Paseo Filipinos,4,0,27,2026-10-07 00:02:28
10,009 Plaza Zorrilla,7,0,27,2026-10-07 00:02:28
11,010 Cadenas de San Gregorio,10,0,15,2026-10-07 00:02:28
12,011 Facultad Medicina,1,2,23,2026-10-07 00:02:28
13,012 Teatro Cervantes,5,10,27,2026-10-07 00:02:28
14,013 CASA DEL ESTUDIANTE- CLÍNICO,4,0,23,2026-10-07 00:02:28
15,014 Plaza de San Miguel,5,0,19,2026-10-07 00:02:28
16,015 Plaza de la Libertad,6,0,27,2026-10-07 00:02:28
17,016 Plaza Caño Argales,13,0,27,2026-10-07 00:02:28
18,017 PLAZA DE SAN JUAN,4,6,23,2026-10-07 00:02:28
19,018 Duque de la Victoria,3,0,19,2026-10-07 00:02:28
20,019 Angustias,4,1,15,2026-10-07 00:02:28
21,020 MARÍA DE MOLINA,7,0,23,2026-10-07 00:02:28
22,101 Fuente El Sol,8,2,15,2026-10-07 00:02:28
23,102 Calle del Abedul,7,2,15,2026-10-07 00:02:28
24,103 Calle Jupiter,3,1,15,2026-10-07 00:02:28
25,201 CENTRO CÍVICO ESGUEVA,12,5,22,2026-10-07 00:02:28
26,202 Campus Miguel Delibes,4,0,23,2026-10-07 00:02:28
27,203 Plaza Ribera de Castilla,4,1,19,2026-10-07 00:02:28
28,204 COLEGIO ENTRE RÍOS,6,2,23,2026-10-07 00:02:28
29,205 HOSPITAL RONDILLA,2,3,19,2026-10-07 00:02:28
30,206 Calle del Portillo de Balboa #1,6,1,19,2026-10-07 00:02:28
31,207 Av. Santander 16,2,1,11,2026-10-07 00:02:28
32,208 Facultad Ciencias Económicas,1,2,19,2026-10-07 00:02:28
33,209 Paseo del Cauce,3,12,18,2026-10-07 00:02:28
34,210 Plaza de los Vadillos,4,2,26,2026-10-07 00:02:28
35,301 Centro Cívico Zona Este,8,3,15,2026-10-07 00:02:28
36,302 Plaza Mayo,1,3,11,2026-10-07 00:02:28
37,303 Calle de la Golondrina,0,3,19,2026-10-07 00:02:28
38,304 Calle de la Cigüeña,2,4,11,2026-10-07 00:02:28
39,305 Calle del Cometa,8,1,23,2026-10-07 00:02:28
40,306 Centro Cívico Pilarica,1,6,11,2026-10-07 00:02:28
41,401 Avenida Segovia,14,5,27,2026-10-07 00:02:28
42,402 Calle Arca Real,0,4,19,2026-10-07 00:02:28
43,403 Paseo Arco de Ladrillo,4,4,19,2026-10-07 00:02:28
44,404 Calle de Andalucía,4,1,19,2026-10-07 00:02:28
45,405 Plaza Gutiérrez Semprún,2,4,19,2026-10-07 00:02:28
46,406 Paseo de Juan Carlos I,16,6,23,2026-10-07 00:02:28
47,407 Calle General Shelly,10,9,23,2026-10-07 00:02:28
48,408 Calle de Embajadores,3,6,19,2026-10-07 00:02:28
49,501 Ctra. Segovia - UEMC,1,0,23,2026-10-07 00:02:28
50,502 Calle de Peñalara,2,3,11,2026-10-07 00:02:28
51,503 Calle de Daniel del Olmo González,3,1,11,2026-10-07 00:02:28
52,504 Calle Bronce,3,0,11,2026-10-07 00:02:28
53,505 Calle Plata,4,4,11,2026-10-07 00:02:28
54,506 Calle del Aluminio,2,2,11,2026-10-07 00:02:28
55,507 Calle Cromo,2,1,11,2026-10-07 00:02:28
56,508 Calle Cobalto,1,0,10,2026-10-07 00:02:28
57,"601 Paseo Zorrilla, 328",0,0,23,2026-10-07 00:02:28
58,602 Casa de la India,4,4,23,2026-10-07 00:02:28
59,"603 Paseo Zorrilla, 132",10,0,19,2026-10-07 00:02:28
60,604 Espacio Joven Sur Valladolid,8,4,19,2026-10-07 00:02:28
61,605 Polideportivo Ponce de León,5,2,23,2026-10-07 00:02:28
62,606 Calle Vives,4,1,15,2026-10-07 00:02:28
63,607 Calle Joaquín María Jalón,3,3,19,2026-10-07 00:02:28
64,608 Calle Doctor Moreno,4,9,19,2026-10-07 00:02:28
65,609 Plaza de Toros ,11,2,22,2026-10-07 00:02:28
66,701 CDO Covaresa,6,4,21,2026-10-07 00:02:28
67,702 Calle Atenas,1,0,15,2026-10-07 00:02:28
68,703 Calle José Velicia,7,4,15,2026-10-07 00:02:28
69,704 Calle de la Alcaparra,4,5,15,2026-10-07 00:02:28
70,705 Calle Ignacio Serrano,4,2,19,2026-10-07 00:02:28
71,706 Calle Antonio Machado,4,5,19,2026-10-07 00:02:28
72,707 Agencia de Innovación,2,3,19,2026-10-07 00:02:28
73,708 Calle de Villafrades de Campos,7,3,19,2026-10-07 00:02:28
74,709 Calle Ribera del Carrión,8,3,15,2026-10-07 00:02:28
75,710 Calle Santiago Alba,2,3,15,2026-10-07 00:02:28
76,801 Centro Cívico Casa Cuna,9,3,23,2026-10-07 00:02:28
77,802 Plaza Marcos Fernandez,4,5,22,2026-10-07 00:02:28
78,803 Calle Prof. Adolfo Miaja de la Muela,3,3,19,2026-10-07 00:02:28
79,804 Calle José Garrote Tebar,3,1,19,2026-10-07 00:02:28
80,805 Calle Federico Landrove Moiño,0,0,15,2026-10-07 00:02:28
81,806 Calle Manuel Azaña ,2,8,19,2026-10-07 00:02:28
82,807 Calle de Hernando de Acuña,1,7,19,2026-10-07 00:02:28
83,808 Calle de Manuel Silvela,3,0,18,2026-10-07 00:02:28
84,809 Calle de Mariano de los Cobos,2,2,19,2026-10-07 00:02:28
85,810 Piscina Municipal Parquesol,2,1,19,2026-10-07 00:02:28
86,901 Plaza del Milenio,5,4,19,2026-10-07 00:02:28
87,902 Feria de Valladolid,6,5,19,2026-10-07 00:02:28
88,903 Plaza Juan Pablo II,10,4,19,2026-10-07 00:02:28
89,904 Complejo Deportivo Los Cerros,9,2,21,2026-10-07 00:02:28
90,905 Centro Municipal José Luis Mosquera,3,1,19,2026-10-07 00:02:28
91,906 Calle Arado,3,7,19,2026-10-07 00:02:28
92,907 Calle de Rigoberto Cortejoso,4,2,19,2026-10-07 00:02:28
93,"908 Calle Joaquín Velasco Martín, 17",7,4,19,2026-10-07 00:02:28
94,909 Calle Monasterio de Sto Domingo de Silos,8,1,19,2026-10-07 00:02:28
95,910 Calle de las Mieses,3,1,15,2026-10-07 00:02:28
96,"911 Calle Joaquín Velasco Martín, 1",2,5,19,2026-10-07 00:02:28
97,1001 La Overuela,1,2,11,2026-10-07 00:02:28
98,1002 Puente Duero,1,2,10,2026-10-07 00:02:28
105,104 Michelín,3,3,11,2026-10-07 00:02:28
106,1005 Santovenia Centro Civico,2,6,11,2026-10-07 00:02:28
107,1006 Santovenia Calle Fuentona,1,1,11,2026-10-07 00:02:28
109,1004 La Cistérniga Cañada Real,2,3,11,2026-10-07 00:02:28
110,1003 La Cistérniga San Cristóbal,1,2,11,2026-10-07 00:02:28
111,510 Hospital Río Hortega,6,1,27,2026-10-07 00:02:28
112,509 Barrio Arcas Reales,1,6,11,2026-10-07 00:02:28
2,001 Fuente Dorada,4,0,27,2026-10-07 00:02:58
3,002 Plaza Madrid,2,0,25,2026-10-07 00:02:58
4,003 Estación de Tren,0,0,27,2026-10-07 00:02:58
5,004 Plaza Circular,20,0,27,2026-10-07 00:02:58
6,005 Plaza Trinidad,7,1,27,2026-10-07 00:02:58
7,006 Plaza Santa Cruz,4,2,15,2026-10-07 00:02:58
8,007 Plaza Poniente,15,4,47,2026-10-07 00:02:58
9,008 Paseo Filipinos,4,0,27,2026-10-07 00:02:58
10,009 Plaza Zorrilla,7,0,27,2026-10-07 00:02:58
11,010 Cadenas de San Gregorio,10,0,15,2026-10-07 00:02:58
12,011 Facultad Medicina,1,2,23,2026-10-07 00:02:58
13,012 Teatro Cervantes,5,10,27,2026-10-07 00:02:58
14,013 CASA DEL ESTUDIANTE- CLÍNICO,4,0,23,2026-10-07 00:02:58
15,014 Plaza de San Miguel,5,0,19,2026-10-07 00:02:58
16,015 Plaza de la Libertad,6,0,27,2026-10-07 00:02:58
17,016 Plaza Caño Argales,13,0,27,2026-10-07 00:02:58
18,017 PLAZA DE SAN JUAN,4,6,23,2026-10-07 00:02:58
19,018 Duque de la Victoria,3,0,19,2026-10-07 00:02:58
20,019 Angustias,4,1,15,2026-10-07 00:02:58
21,020 MARÍA DE MOLINA,7,0,23,2026-10-07 00:02:58
22,101 Fuente El Sol,8,2,15,2026-10-07 00:02:58
23,102 Calle del Abedul,7,2,15,2026-10-07 00:02:58
24,103 Calle Jupiter,3,1,15,2026-10-07 00:02:58
25,201 CENTRO CÍVICO ESGUEVA,12,5,22,2026-10-07 00:02:58
26,202 Campus Miguel Delibes,4,0,23,2026-10-07 00:02:58
27,203 Plaza Ribera de Castilla,4,1,19,2026-10-07 00:02:58
28,204 COLEGIO ENTRE RÍOS,6,2,23,2026-10-07 00:02:58
29,205 HOSPITAL RONDILLA,2,3,19,2026-10-07 00:02:58
30,206 Calle del Portillo de Balboa #1,6,1,19,2026-10-07 00:02:58
31,207 Av. Santander 16,2,1,11,2026-10-07 00:02:58
32,208 Facultad Ciencias Económicas,1,2,19,2026-10-07 00:02:58
33,209 Paseo del Cauce,3,12,18,2026-10-07 00:02:58
34,210 Plaza de los Vadillos,4,2,26,2026-10-07 00:02:58
35,301 Centro Cívico Zona Este,8,3,15,2026-10-07 00:02:58
36,302 Plaza Mayo,1,3,11,2026-10-07 00:02:58
37,303 Calle de la Golondrina,0,3,19,2026-10-07 00:02:58
38,304 Calle de la Cigüeña,2,4,11,2026-10-07 00:02:58
39,305 Calle del Cometa,8,1,23,2026-10-07 00:02:58
40,306 Centro Cívico Pilarica,1,6,11,2026-10-07 00:02:58
41,401 Avenida Segovia,14,5,27,2026-10-07 00:02:58
42,402 Calle Arca Real,0,4,19,2026-10-07 00:02:58
43,403 Paseo Arco de Ladrillo,4,4,19,2026-10-07 00:02:58
44,404 Calle de Andalucía,4,1,19,2026-10-07 00:02:58
45,405 Plaza Gutiérrez Semprún,2,4,19,2026-10-07 00:02:58
46,406 Paseo de Juan Carlos I,16,6,23,2026-10-07 00:02:58
47,407 Calle General Shelly,10,9,23,2026-10-07 00:02:58
48,408 Calle de Embajadores,3,6,19,2026-10-07 00:02:58
49,501 Ctra. Segovia - UEMC,1,0,23,2026-10-07 00:02:58
50,502 Calle de Peñalara,2,3,11,2026-10-07 00:02:58
51,503 Calle de Daniel del Olmo González,3,1,11,2026-10-07 00:02:58
52,504 Calle Bronce,3,0,11,2026-10-07 00:02:58
53,505 Calle Plata,4,4,11,2026-10-07 00:02:58
54,506 Calle del Aluminio,2,2,11,2026-10-07 00:02:58
55,507 Calle Cromo,2,1,11,2026-10-07 00:02:58
56,508 Calle Cobalto,1,0,10,2026-10-07 00:02:58
57,"601 Paseo Zorrilla, 328",0,0,23,2026-10-07 00:02:58
58,602 Casa de la India,4,4,23,2026-10-07 00:02:58
59,"603 Paseo Zorrilla, 132",10,0,19,2026-10-07 00:02:58
60,604 Espacio Joven Sur Valladolid,8,4,19,2026-10-07 00:02:58
61,605 Polideportivo Ponce de León,5,2,23,2026-10-07 00:02:58
62,606 Calle Vives,4,1,15,2026-10-07 00:02:58
63,607 Calle Joaquín María Jalón,3,3,19,2026-10-07 00:02:58
64,608 Calle Doctor Moreno,4,9,19,2026-10-07 00:02:58
65,609 Plaza de Toros ,11,2,22,2026-10-07 00:02:58
66,701 CDO Covaresa,6,4,21,2026-10-07 00:02:58
67,702 Calle Atenas,1,0,15,2026-10-07 00:02:58
68,703 Calle José Velicia,7,4,15,2026-10-07 00:02:58
69,704 Calle de la Alcaparra,4,5,15,2026-10-07 00:02:58
70,705 Calle Ignacio Serrano,4,2,19,2026-10-07 00:02:58
71,706 Calle Antonio Machado,4,5,19,2026-10-07 00:02:58
72,707 Agencia de Innovación,2,3,19,2026-10-07 00:02:58
73,708 Calle de Villafrades de Campos,7,3,19,2026-10-07 00:02:58
74,709 Calle Ribera del Carrión,8,3,15,2026-10-07 00:02:58
75,710 Calle Santiago Alba,2,3,15,2026-10-07 00:02:58
76,801 Centro Cívico Casa Cuna,9,3,23,2026-10-07 00:02:58
77,802 Plaza Marcos Fernandez,4,5,22,2026-10-07 00:02:58
78,803 Calle Prof. Adolfo Miaja de la Muela,3,3,19,2026-10-07 00:02:58
79,804 Calle José Garrote Tebar,3,1,19,2026-10-07 00:02:58
80,805 Calle Federico Landrove Moiño,0,0,15,2026-10-07 00:02:58
81,806 Calle Manuel Azaña ,2,8,19,2026-10-07 00:02:58
82,807 Calle de Hernando de Acuña,1,7,19,2026-10-07 00:02:58
83,808 Calle de Manuel Silvela,3,0,18,2026-10-07 00:02:58
84,809 Calle de Mariano de los Cobos,2,2,19,2026-10-07 00:02:58
85,810 Piscina Municipal Parquesol,2,1,19,2026-10-07 00:02:58
86,901 Plaza del Milenio,5,4,19,2026-10-07 00:02:58
87,902 Feria de Valladolid,6,5,19,2026-10-07 00:02:58
88,903 Plaza Juan Pablo II,10,4,19,2026-10-07 00:02:58
89,904 Complejo Deportivo Los Cerros,9,2,21,2026-10-07 00:02:58
90,905 Centro Municipal José Luis Mosquera,3,1,19,2026-10-07 00:02:58
91,906 Calle Arado,3,7,19,2026-10-07 00:02:58
92,907 Calle de Rigoberto Cortejoso,4,2,19,2026-10-07 00:02:58
93,"908 Calle Joaquín Velasco Martín, 17",7,4,19,2026-10-07 00:02:58
94,909 Calle Monasterio de Sto Domingo de Silos,8,1,19,2026-10-07 00:02:58
95,910 Calle de las Mieses,3,1,15,2026-10-07 00:02:58
96,"911 Calle Joaquín Velasco Martín, 1",2,5,19,2026-10-07 00:02:58
97,1001 La Overuela,1,2,11,2026-10-07 00:02:58
98,1002 Puente Duero,1,2,10,2026-10-07 00:02:58
105,104 Michelín,3,3,11,2026-10-07 00:02:58
106,1005 Santovenia Centro Civico,2,6,11,2026-10-07 00:02:58
107,1006 Santovenia Calle Fuentona,1,1,11,2026-10-07 00:02:58
109,1004 La Cistérniga Cañada Real,2,3,11,2026-10-07 00:02:58
110,1003 La Cistérniga San Cristóbal,1,2,11,2026-10-07 00:02:58
111,510 Hospital Río Hortega,6,1,27,2026-10-07 00:02:58
112,509 Barrio Arcas Reales,1,6,11,2026-10-07 00:02:58
2,001 Fuente Dorada,4,0,27,2026-10-07 00:03:28
3,002 Plaza Madrid,2,0,25,2026-10-07 00:03:28
4,003 Estación de Tren,0,0,27,2026-10-07 00:03:28
5,004 Plaza Circular,20,0,27,2026-10-07 00:03:28
6,005 Plaza Trinidad,7,1,27,2026-10-07 00:03:28
7,006 Plaza Santa Cruz,4,2,15,2026-10-07 00:03:28
8,007 Plaza Poniente,15,4,47,2026-10-07 00:03:28
9,008 Paseo Filipinos,4,0,27,2026-10-07 00:03:28
10,009 Plaza Zorrilla,7,0,27,2026-10-07 00:03:28
11,010 Cadenas de San Gregorio,10,0,15,2026-10-07 00:03:28
12,011 Facultad Medicina,1,2,23,2026-10-07 00:03:28
13,012 Teatro Cervantes,5,10,27,2026-10-07 00:03:28
14,013 CASA DEL ESTUDIANTE- CLÍNICO,4,0,23,2026-10-07 00:03:28
15,014 Plaza de San Miguel,5,0,19,2026-10-07 00:03:28
16,015 Plaza de la Libertad,6,0,27,2026-10-07 00:03:28
17,016 Plaza Caño Argales,13,0,27,2026-10-07 00:03:28
18,017 PLAZA DE SAN JUAN,4,6,23,2026-10-07 00:03:28
19,018 Duque de la Victoria,3,0,19,2026-10-07 00:03:28
20,019 Angustias,4,1,15,2026-10-07 00:03:28
21,020 MARÍA DE MOLINA,7,0,23,2026-10-07 00:03:28
22,101 Fuente El Sol,8,2,15,2026-10-07 00:03:28
23,102 Calle del Abedul,7,2,15,2026-10-07 00:03:28
24,103 Calle Jupiter,3,1,15,2026-10-07 00:03:28
25,201 CENTRO CÍVICO ESGUEVA,12,5,22,2026-10-07 00:03:28
26,202 Campus Miguel Delibes,4,0,23,2026-10-07 00:03:28
27,203 Plaza Ribera de Castilla,4,1,19,2026-10-07 00:03:28
28,204 COLEGIO ENTRE RÍOS,6,2,23,2026-10-07 00:03:28
29,205 HOSPITAL RONDILLA,2,3,19,2026-10-07 00:03:28
30,206 Calle del Portillo de Balboa #1,6,1,19,2026-10-07 00:03:28
31,207 Av. Santander 16,2,1,11,2026-10-07 00:03:28
32,208 Facultad Ciencias Económicas,1,2,19,2026-10-07 00:03:28
33,209 Paseo del Cauce,3,12,18,2026-10-07 00:03:28
34,210 Plaza de los Vadillos,4,2,26,2026-10-07 00:03:28
35,301 Centro Cívico Zona Este,8,3,15,2026-10-07 00:03:28
36,302 Plaza Mayo,1,3,11,2026-10-07 00:03:28
37,303 Calle de la Golondrina,0,3,19,2026-10-07 00:03:28
38,304 Calle de la Cigüeña,2,4,11,2026-10-07 00:03:28
39,305 Calle del Cometa,8,1,23,2026-10-07 00:03:28
40,306 Centro Cívico Pilarica,1,6,11,2026-10-07 00:03:28
41,401 Avenida Segovia,14,5,27,2026-10-07 00:03:28
42,402 Calle Arca Real,0,4,19,2026-10-07 00:03:28
43,403 Paseo Arco de Ladrillo,4,4,19,2026-10-07 00:03:28
44,404 Calle de Andalucía,4,1,19,2026-10-07 00:03:28
45,405 Plaza Gutiérrez Semprún,2,4,19,2026-10-07 00:03:28
46,406 Paseo de Juan Carlos I,16,6,23,2026-10-07 00:03:28
47,407 Calle General Shelly,10,9,23,2026-10-07 00:03:28
48,408 Calle de Embajadores,3,6,19,2026-10-07 00:03:28
49,501 Ctra. Segovia - UEMC,1,0,23,2026-10-07 00:03:28
50,502 Calle de Peñalara,2,3,11,2026-10-07 00:03:28
51,503 Calle de Daniel del Olmo González,3,1,11,2026-10-07 00:03:28
52,504 Calle Bronce,3,0,11,2026-10-07 00:03:28
53,505 Calle Plata,4,4,11,2026-10-07 00:03:28
54,506 Calle del Aluminio,2,2,11,2026-10-07 00:03:28
55,507 Calle Cromo,2,1,11,2026-10-07 00:03:28
56,508 Calle Cobalto,1,0,10,2026-10-07 00:03:28
57,"601 Paseo Zorrilla, 328",0,0,23,2026-10-07 00:03:28
58,602 Casa de la India,4,3,23,2026-10-07 00:03:28
59,"603 Paseo Zorrilla, 132",10,0,19,2026-10-07 00:03:28
60,604 Espacio Joven Sur Valladolid,8,4,19,2026-10-07 00:03:28
61,605 Polideportivo Ponce de León,5,2,23,2026-10-07 00:03:28
62,606 Calle Vives,4,1,15,2026-10-07 00:03:28
63,607 Calle Joaquín María Jalón,3,3,19,2026-10-07 00:03:28
64,608 Calle Doctor Moreno,4,9,19,2026-10-07 00:03:28
65,609 Plaza de Toros ,11,2,22,2026-10-07 00:03:28
66,701 CDO Covaresa,6,4,21,2026-10-07 00:03:28
67,702 Calle Atenas,1,0,15,2026-10-07 00:03:28
68,703 Calle José Velicia,7,4,15,2026-10-07 00:03:28
69,704 Calle de la Alcaparra,4,5,15,2026-10-07 00:03:28
70,705 Calle Ignacio Serrano,4,2,19,2026-10-07 00:03:28
71,706 Calle Antonio Machado,4,5,19,2026-10-07 00:03:28
72,707 Agencia de Innovación,2,3,19,2026-10-07 00:03:28
73,708 Calle de Villafrades de Campos,7,3,19,2026-10-07 00:03:28
74,709 Calle Ribera del Carrión,8,3,15,2026-10-07 00:03:28
75,710 Calle Santiago Alba,2,3,15,2026-10-07 00:03:28
76,801 Centro Cívico Casa Cuna,9,3,23,2026-10-07 00:03:28
77,802 Plaza Marcos Fernandez,4,5,22,2026-10-07 00:03:28
78,803 Calle Prof. Adolfo Miaja de la Muela,3,3,19,2026-10-07 00:03:28
79,804 Calle José Garrote Tebar,3,1,19,2026-10-07 00:03:28
80,805 Calle Federico Landrove Moiño,0,0,15,2026-10-07 00:03:28
81,806 Calle Manuel Azaña ,2,8,19,2026-10-07 00:03:28
82,807 Calle de Hernando de Acuña,1,7,19,2026-10-07 00:03:28
83,808 Calle de Manuel Silvela,3,0,18,2026-10-07 00:03:28
84,809 Calle de Mariano de los Cobos,2,2,19,2026-10-07 00:03:28
85,810 Piscina Municipal Parquesol,2,1,19,2026-10-07 00:03:28
86,901 Plaza del Milenio,5,4,19,2026-10-07 00:03:28
87,902 Feria de Valladolid,6,5,19,2026-10-07 00:03:28
88,903 Plaza Juan Pablo II,10,4,19,2026-10-07 00:03:28
89,904 Complejo Deportivo Los Cerros,9,2,21,2026-10-07 00:03:28
90,905 Centro Municipal José Luis Mosquera,3,1,19,2026-10-07 00:03:28
91,906 Calle Arado,3,7,19,2026-10-07 00:03:28
92,907 Calle de Rigoberto Cortejoso,4,2,19,2026-10-07 00:03:28
93,"908 Calle Joaquín Velasco Martín, 17",7,4,19,2026-10-07 00:03:28
94,909 Calle Monasterio de Sto Domingo de Silos,8,1,19,2026-10-07 00:03:28
95,910 Calle de las Mieses,3,1,15,2026-10-07 00:03:28
96,"911 Calle Joaquín Velasco Martín, 1",2,5,19,2026-10-07 00:03:28
97,1001 La Overuela,1,2,11,2026-10-07 00:03:28
98,1002 Puente Duero,1,2,10,2026-10-07 00:03:28
105,104 Michelín,3,3,11,2026-10-07 00:03:28
106,1005 Santovenia Centro Civico,2,6,11,2026-10-07 00:03:28
107,1006 Santovenia Calle Fuentona,1,1,11,2026-10-07 00:03:28
109,1004 La Cistérniga Cañada Real,2,3,11,2026-10-07 00:03:28
110,1003 La Cistérniga San Cristóbal,1,2,11,2026-10-07 00:03:28
111,510 Hospital Río Hortega,6,1,27,2026-10-07 00:03:28
112,509 Barrio Arcas Reales,1,6,11,2026-10-07 00:03:28
2,001 Fuente Dorada,4,0,27,2026-10-07 00:04:58
3,002 Plaza Madrid,2,0,25,2026-10-07 00:04:58
4,003 Estación de Tren,0,0,27,2026-10-07 00:04:58
5,004 Plaza Circular,20,0,27,2026-10-07 00:04:58
6,005 Plaza Trinidad,6,1,27,2026-10-07 00:04:58
7,006 Plaza Santa Cruz,4,2,15,2026-10-07 00:04:58
8,007 Plaza Poniente,15,4,47,2026-10-07 00:04:58
9,008 Paseo Filipinos,4,0,27,2026-10-07 00:04:58
10,009 Plaza Zorrilla,7,0,27,2026-10-07 00:04:58
11,010 Cadenas de San Gregorio,10,0,15,2026-10-07 00:04:58
12,011 Facultad Medicina,1,2,23,2026-10-07 00:04:58
13,012 Teatro Cervantes,5,10,27,2026-10-07 00:04:58
14,013 CASA DEL ESTUDIANTE- CLÍNICO,4,0,23,2026-10-07 00:04:58
15,014 Plaza de San Miguel,5,0,19,2026-10-07 00:04:58
16,015 Plaza de la Libertad,6,0,27,2026-10-07 00:04:58
17,016 Plaza Caño Argales,13,0,27,2026-10-07 00:04:58
18,017 PLAZA DE SAN JUAN,4,6,23,2026-10-07 00:04:58
19,018 Duque de la Victoria,3,0,19,2026-10-07 00:04:58
20,019 Angustias,4,1,15,2026-10-07 00:04:58
21,020 MARÍA DE MOLINA,7,0,23,2026-10-07 00:04:58
22,101 Fuente El Sol,8,2,15,2026-10-07 00:04:58
23,102 Calle del Abedul,7,2,15,2026-10-07 00:04:58
24,103 Calle Jupiter,3,1,15,2026-10-07 00:04:58
25,201 CENTRO CÍVICO ESGUEVA,12,5,22,2026-10-07 00:04:58
26,202 Campus Miguel Delibes,4,0,23,2026-10-07 00:04:58
27,203 Plaza Ribera de Castilla,4,1,19,2026-10-07 00:04:58
28,204 COLEGIO ENTRE RÍOS,6,2,23,2026-10-07 00:04:58
29,205 HOSPITAL RONDILLA,2,3,19,2026-10-07 00:04:58
30,206 Calle del Portillo de Balboa #1,6,1,19,2026-10-07 00:04:58
31,207 Av. Santander 16,2,1,11,2026-10-07 00:04:58
32,208 Facultad Ciencias Económicas,1,2,19,2026-10-07 00:04:58
33,209 Paseo del Cauce,3,12,18,2026-10-07 00:04:58
34,210 Plaza de los Vadillos,4,2,26,2026-10-07 00:04:58
35,301 Centro Cívico Zona Este,8,3,15,2026-10-07 00:04:58
36,302 Plaza Mayo,1,3,11,2026-10-07 00:04:58
37,303 Calle de la Golondrina,0,3,19,2026-10-07 00:04:58
38,304 Calle de la Cigüeña,2,4,11,2026-10-07 00:04:58
39,305 Calle del Cometa,8,1,23,2026-10-07 00:04:58
40,306 Centro Cívico Pilarica,1,6,11,2026-10-07 00:04:58
41,401 Avenida Segovia,14,5,27,2026-10-07 00:04:58
42,402 Calle Arca Real,0,4,19,2026-10-07 00:04:58
43,403 Paseo Arco de Ladrillo,4,4,19,2026-10-07 00:04:58
44,404 Calle de Andalucía,4,1,19,2026-10-07 00:04:58
45,405 Plaza Gutiérrez Semprún,2,4,19,2026-10-07 00:04:58
46,406 Paseo de Juan Carlos I,16,6,23,2026-10-07 00:04:58
47,407 Calle General Shelly,10,9,23,2026-10-07 00:04:58
48,408 Calle de Embajadores,3,6,19,2026-10-07 00:04:58
49,501 Ctra. Segovia - UEMC,1,0,23,2026-10-07 00:04:58
50,502 Calle de Peñalara,2,3,11,2026-10-07 00:04:58
51,503 Calle de Daniel del Olmo González,3,1,11,2026-10-07 00:04:58
52,504 Calle Bronce,3,0,11,2026-10-07 00:04:58
53,505 Calle Plata,4,4,11,2026-10-07 00:04:58
54,506 Calle del Aluminio,2,2,11,2026-10-07 00:04:58
55,507 Calle Cromo,2,1,11,2026-10-07 00:04:58
56,508 Calle Cobalto,1,0,10,2026-10-07 00:04:58
57,"601 Paseo Zorrilla, 328",0,0,23,2026-10-07 00:04:58
58,602 Casa de la India,4,3,23,2026-10-07 00:04:58
59,"603 Paseo Zorrilla, 132",10,0,19,2026-10-07 00:04:58
60,604 Espacio Joven Sur Valladolid,8,4,19,2026-10-07 00:04:58
61,605 Polideportivo Ponce de León,5,2,23,2026-10-07 00:04:58
62,606 Calle Vives,4,1,15,2026-10-07 00:04:58
63,607 Calle Joaquín María Jalón,3,3,19,2026-10-07 00:04:58
64,608 Calle Doctor Moreno,4,9,19,2026-10-07 00:04:58
65,609 Plaza de Toros ,11,2,22,2026-10-07 00:04:58
66,701 CDO Covaresa,6,4,21,2026-10-07 00:04:58
67,702 Calle Atenas,1,0,15,2026-10-07 00:04:58
68,703 Calle José Velicia,7,4,15,2026-10-07 00:04:58
69,704 Calle de la Alcaparra,4,5,15,2026-10-07 00:04:58
70,705 Calle Ignacio Serrano,4,2,19,2026-10-07 00:04:58
71,706 Calle Antonio Machado,4,5,19,2026-10-07 00:04:58
72,707 Agencia de Innovación,2,3,19,2026-10-07 00:04:58
73,708 Calle de Villafrades de Campos,7,3,19,2026-10-07 00:04:58
74,709 Calle Ribera del Carrión,8,3,15,2026-10-07 00:04:58
75,710 Calle Santiago Alba,2,3,15,2026-10-07 00:04:58
76,801 Centro Cívico Casa Cuna,9,3,23,2026-10-07 00:04:58
77,802 Plaza Marcos Fernandez,4,5,22,2026-10-07 00:04:58
78,803 Calle Prof. Adolfo Miaja de la Muela,3,3,19,2026-10-07 00:04:58
79,804 Calle José Garrote Tebar,3,1,19,2026-10-07 00:04:58
80,805 Calle Federico Landrove Moiño,0,0,15,2026-10-07 00:04:58
81,806 Calle Manuel Azaña ,2,8,19,2026-10-07 00:04:58
82,807 Calle de Hernando de Acuña,1,7,19,2026-10-07 00:04:58
83,808 Calle de Manuel Silvela,3,0,18,2026-10-07 00:04:58
84,809 Calle de Mariano de los Cobos,2,2,19,2026-10-07 00:04:58
85,810 Piscina Municipal Parquesol,2,1,19,2026-10-07 00:04:58
86,901 Plaza del Milenio,5,4,19,2026-10-07 00:04:58
87,902 Feria de Valladolid,6,5,19,2026-10-07 00:04:58
88,903 Plaza Juan Pablo II,10,4,19,2026-10-07 00:04:58
89,904 Complejo Deportivo Los Cerros,9,2,21,2026-10-07 00:04:58
90,905 Centro Municipal José Luis Mosquera,3,1,19,2026-10-07 00:04:58
91,906 Calle Arado,3,7,19,2026-10-07 00:04:58
92,907 Calle de Rigoberto Cortejoso,4,2,19,2026-10-07 00:04:58
93,"908 Calle Joaquín Velasco Martín, 17",7,4,19,2026-10-07 00:04:58
94,909 Calle Monasterio de Sto Domingo de Silos,8,1,19,2026-10-07 00:04:58
95,910 Calle de las Mieses,3,1,15,2026-10-07 00:04:58
96,"911 Calle Joaquín Velasco Martín, 1",2,5,19,2026-10-07 00:04:58
97,1001 La Overuela,1,2,11,2026-10-07 00:04:58
98,1002 Puente Duero,1,2,10,2026-10-07 00:04:58
105,104 Michelín,3,3,11,2026-10-07 00:04:58
106,1005 Santovenia Centro Civico,2,6,11,2026-10-07 00:04:58
107,1006 Santovenia Calle Fuentona,1,1,11,2026-10-07 00:04:58
109,1004 La Cistérniga Cañada Real,2,3,11,2026-10-07 00:04:58
110,1003 La Cistérniga San Cristóbal,1,2,11,2026-10-07 00:04:58
111,510 Hospital Río Hortega,6,1,27,2026-10-07 00:04:58
112,509 Barrio Arcas Reales,1,6,11,2026-10-07 00:04:58
